"logposterior","loglikelihood","logprior"
-4.36985861694162886e+05,-4.36930984180592757e+05,-5.48775135701526082e+01
-4.36985861694162886e+05,-4.36930984180592757e+05,-5.48775135701526082e+01
-4.36985861694162886e+05,-4.36930984180592757e+05,-5.48775135701526082e+01
-4.36985861694162886e+05,-4.36930984180592757e+05,-5.48775135701526082e+01
-4.36985861694162886e+05,-4.36930984180592757e+05,-5.48775135701526082e+01
-4.36985861694162886e+05,-4.36930984180592757e+05,-5.48775135701526082e+01
