"logposterior","loglikelihood","logprior"
-4.36985861699573521e+05,-4.36930984155138023e+05,-5.48775444355067776e+01
-4.36985861699573521e+05,-4.36930984155138023e+05,-5.48775444355067776e+01
-4.36985861699573521e+05,-4.36930984155138023e+05,-5.48775444355067776e+01
-4.36985861699573521e+05,-4.36930984155138023e+05,-5.48775444355067776e+01
-4.36985861699573521e+05,-4.36930984155138023e+05,-5.48775444355067776e+01
-4.36985861699573521e+05,-4.36930984155138023e+05,-5.48775444355067776e+01
