"logposterior","loglikelihood","logprior"
-4.36985861671763705e+05,-4.36930984163790883e+05,-5.48775079728500756e+01
-4.36985861671763705e+05,-4.36930984163790883e+05,-5.48775079728500756e+01
-4.36985861671763705e+05,-4.36930984163790883e+05,-5.48775079728500756e+01
-4.36985861671763705e+05,-4.36930984163790883e+05,-5.48775079728500756e+01
-4.36985861671763705e+05,-4.36930984163790883e+05,-5.48775079728500756e+01
-4.36985861671763705e+05,-4.36930984163790883e+05,-5.48775079728500756e+01
